{
  "name": "jquery-countTo",
  "version": "1.2.0",
  "homepage": "https://github.com/mhuggins/jquery-countTo",
  "authors": [
    "Matt Huggins <matt.huggins@gmail.com>"
  ],
  "description": "A jQuery plugin that will count up (or down) to a target number at a specified speed.",
  "main": "jquery.countTo.js",
  "keywords": [
    "jQuery",
    "counter",
    "count",
    "increment",
    "decrement"
  ],
  "license": "MIT",
  "ignore": [
    "**/.*",
    "node_modules",
    "bower_components",
    "test",
    "tests"
  ],
  "_release": "1.2.0",
  "_resolution": {
    "type": "version",
    "tag": "v1.2.0",
    "commit": "c6c0b6918a7c56ca1b4f7904ebf0bf0e786e3d3f"
  },
  "_source": "https://github.com/mhuggins/jquery-countTo.git",
  "_target": "^1.2.0",
  "_originalSource": "jquery-countTo",
  "_direct": true
}